Event ID,Titel,Start Datum,Start Tijd,Eind Datum,Eind Tijd,Werktijd,Locatie,Team Prefix,Shift Type,Prioriteit,Duur (uur),Weeknr,Dag,Status,Beschrijving,Hele Dag,Hash,Todoist ID,Laatst Bijgewerkt
a3d08d4b-4590-48cd-bfa7-bf5d45f8e66c,Dienst,2026-03-17,7:00,2026-03-17,14:45,07:00 - 14:45,Enckerkamp 31 Appartementen - 20270,R.,Vroeg,4,"7,75",2026-12,Dinsdag,Opkomend,,Nee,676c376c250a3b67562252112dfcd50f,6g965HhrMRVFFCmg,2026-03-16 11:56:27
ab28cea7-9ecb-48af-80f4-670882331dbf,Dienst,2026-03-19,7:00,2026-03-19,15:00,07:00 - 15:00,Enckerkamp 31 AA - 21964,A.,Vroeg,4,8,2026-12,Donderdag,Opkomend,,Nee,c1e0d935d52e120f84260e61ade8b555,6g9G6cvqfjrQh5jg,2026-03-16 11:56:27
582036fe-a65d-4757-abc2-c7ca31d5490d,Dienst,2026-03-21,14:30,2026-03-21,22:00,14:30 - 22:00,Enckerkamp 31 AA - 21964,A.,Laat,2,"7,5",2026-12,Zaterdag,Opkomend,,Nee,2df6c7209c4e92a7db6ae001ab255886,6g965Hq6rqhw7Wf8,2026-03-16 11:56:27
204e80ae-85a0-4283-bf5e-2df08062d469,Dienst,2026-03-23,7:00,2026-03-23,14:45,07:00 - 14:45,Enckerkamp 31 Appartementen - 20270,R.,Vroeg,4,"7,75",2026-13,Maandag,Opkomend,,Nee,4ad97f39ddf1ecb44f0c4e64c8367a7c,6g965Hv378Q7Fhj8,2026-03-16 11:56:28
0afe7d8b-20b3-442f-9181-ac8322798c35,Dienst,2026-03-29,7:00,2026-03-29,14:30,07:00 - 14:30,Enckerkamp 31 AA - 21964,A.,Vroeg,4,"7,5",2026-14,Zondag,Opkomend,,Nee,e280d336eb2d628643ff2fc20d8090f1,6g965HvFJmpQ6qVg,2026-03-16 11:56:28
7863a34d-45bf-4cf7-990b-eb83c83b7294,Dienst,2026-03-31,14:30,2026-03-31,22:00,14:30 - 22:00,Enckerkamp 31 Appartementen - 20270,R.,Laat,2,"7,5",2026-14,Dinsdag,Opkomend,,Nee,e3ce8632d1966976da0b982ad60bafb9,6g965J2mcmfr7qX8,2026-03-16 11:56:28
a53fc58d-3fc2-4327-b553-6b21762d673e,Dienst,2026-04-02,7:00,2026-04-02,15:00,07:00 - 15:00,Enckerkamp 31 AA - 21964,A.,Vroeg,4,8,2026-14,Donderdag,Opkomend,,Nee,a34f740959dfcde0bdc9ed320dc4c425,6g965J4JW6cQp6M8,2026-03-16 11:56:28
50474940-33d9-40cb-8d6a-b9672d3c10a6,Dienst,2026-04-05,7:00,2026-04-05,14:30,07:00 - 14:30,Enckerkamp 31 AA - 21964,A.,Vroeg,4,"7,5",2026-15,Zondag,Opkomend,,Nee,fb385890812f4e7d8d343ae41c98e733,6g965J5rWMc3HR3g,2026-03-16 11:56:28
400e55d2-d243-4ed9-abdf-c1691d1ef459,Dienst,2026-04-09,14:45,2026-04-09,22:00,14:45 - 22:00,Enckerkamp 31 AA - 21964,A.,Laat,2,"7,25",2026-15,Donderdag,Opkomend,,Nee,915bebf0aa0539257e67f909905a65a1,6g965J7R3JqQ34g8,2026-03-16 11:56:28
bcee3534-0988-4718-92d6-928049fb51dc,Dienst,2026-04-16,14:45,2026-04-16,22:00,14:45 - 22:00,Enckerkamp 31 AA - 21964,A.,Laat,2,"7,25",2026-16,Donderdag,Opkomend,,Nee,6c65203b6c94468349c76f135241fb38,6g965J87FC34FP3g,2026-03-16 11:56:28
85e34a81-9c0a-43e4-8189-3c83a372af06,Dienst,2026-04-19,7:00,2026-04-19,14:30,07:00 - 14:30,Enckerkamp 31 AA - 21964,A.,Vroeg,4,"7,5",2026-17,Zondag,Opkomend,,Nee,0494beb682ef7e869d502cedf889b49a,6g965JGHWHg3cp3g,2026-03-16 11:56:28
ab5994ae-4c15-49a5-bffa-3e43e8cf86c7,Dienst,2026-04-22,14:45,2026-04-22,22:00,14:45 - 22:00,Enckerkamp 31 AA - 21964,A.,Laat,2,"7,25",2026-17,Woensdag,Opkomend,,Nee,7b7dea264c1b86b92f2b4a7740097d6d,6g965JMFMQQP3xcg,2026-03-16 11:56:28
e184a848-6329-4a2a-a445-26554a1c6b15,Dienst,2026-04-29,7:00,2026-04-29,15:00,07:00 - 15:00,Enckerkamp 31 AA - 21964,A.,Vroeg,4,8,2026-18,Woensdag,Opkomend,,Nee,f5d37a5e4d49f850f1dba252e0e8b401,6g965JHJMMMRRGGg,2026-03-16 11:56:28
faab85ba-d6b6-4ae8-99fa-ba8432f82d97,Dienst,2026-03-15,7:00,2026-03-15,14:30,07:00 - 14:30,Enckerkamp 31 AA - 21964,A.,Vroeg,4,"7,5",1-12-2026,Zondag,Gedraaid,,Nee,5d3daece2c754ae143b0216408bfb002,,2026-03-16 11:56:27
5f73435f-6f5c-468f-b682-d0d968f046c4,Dienst,2026-03-13,13:00,2026-03-13,15:00,13:00 - 15:00,Enckerkamp 31 AA - 21964,A.,Laat,2,2,1-11-2026,Vrijdag,Gedraaid,,Nee,0e859a9287d2ebb544054c377f79b8a3,,2026-03-16 11:56:27
45d0b187-7b23-4bb2-af9e-31e5edb8a64f,Dienst,2026-03-12,14:45,2026-03-12,22:00,14:45 - 22:00,Enckerkamp 31 AA - 21964,A.,Laat,2,"7,25",1-11-2026,Donderdag,Gedraaid,,Nee,5c20880a1ed1db8511e9dad7b8946cbd,,2026-03-16 11:56:27
b38edfd6-39ba-4d0a-b70b-4401f3f8c7ef,Dienst,2026-03-09,7:00,2026-03-09,14:45,07:00 - 14:45,Enckerkamp 31 Appartementen - 20270,R.,Vroeg,4,"7,75",1-11-2026,Maandag,Gedraaid,,Nee,4122ad513673205f283a531806a8f242,,2026-03-16 11:56:27
748c7ac4-15ad-4560-ace7-df170faf56a9,Dienst,2026-03-07,14:30,2026-03-07,22:00,14:30 - 22:00,Enckerkamp 31 Appartementen - 20270,R.,Laat,2,"7,5",1-10-2026,Zaterdag,Gedraaid,,Nee,924b7d9a36293b3bf4ff7a5ef4c99ce2,,2026-03-16 11:56:27
b00cf71a-0df4-4102-8109-1cd1a6069f7a,Dienst,2026-03-03,14:30,2026-03-03,22:00,14:30 - 22:00,Enckerkamp 31 Appartementen - 20270,R.,Laat,2,"7,5",1-10-2026,Dinsdag,Gedraaid,,Nee,e59efa2aaab3960567481c6eeea7ac49,,2026-03-16 11:56:27
3cc82d8d-20c9-4b4a-aaa3-c7e9a7514a26,Dienst,2026-03-01,7:00,2026-03-01,14:30,07:00 - 14:30,Enckerkamp 31 AA - 21964,A.,Vroeg,4,"7,5",1-10-2026,Zondag,Gedraaid,,Nee,f416926f9a0d40e02a1c81556ab4627a,,2026-03-16 11:56:27
fadd6b04-9254-46e0-ae6b-25756924cf23,Dienst,2026-02-26,14:45,2026-02-26,22:00,14:45 - 22:00,Enckerkamp 31 AA - 21964,A.,Laat,2,"7,25",1-9-2026,Donderdag,Gedraaid,,Nee,c76fcd146a8215977285e5e83f1a5926,,2026-03-16 11:56:27
c6a12e63-6797-4f67-8ce6-f2cf85274fc2,Dienst,2026-02-21,7:00,2026-02-21,14:30,07:00 - 14:30,Enckerkamp 31 AA - 21964,A.,Vroeg,4,"7,5",1-8-2026,Zaterdag,Gedraaid,,Nee,0a80836995b0633172b6761ea177075f,,2026-03-16 11:56:27
86b6d88e-bff8-46a2-aabd-1f1fa1acede0,Dienst,2026-02-17,7:00,2026-02-17,14:45,07:00 - 14:45,Enckerkamp 31 Appartementen - 20270,R.,Vroeg,4,"7,75",1-8-2026,Dinsdag,Gedraaid,,Nee,4e8366c0b54dae1677b99567664e53a2,,2026-03-16 11:56:27
c25087e6-3663-4a47-9a66-48118fddee8b,Dienst,2026-02-15,7:00,2026-02-15,14:30,07:00 - 14:30,Enckerkamp 31 AA - 21964,A.,Vroeg,4,"7,5",1-8-2026,Zondag,Gedraaid,,Nee,951e419da1bb47f3414e3f3bc8f1dedf,,2026-03-16 11:56:27
a1f68e40-33c4-4b9a-b3e0-cd0b76740c96,Dienst,2026-02-13,7:00,2026-02-13,14:45,07:00 - 14:45,Enckerkamp 31 Appartementen - 20270,R.,Vroeg,4,"7,75",1-7-2026,Vrijdag,Gedraaid,,Nee,0fc98ad98c905cd9e286592a0b972db5,,13-2-2026
adaa9996-2c2f-4ded-8b2a-4eba621543ab,Dienst,2026-02-12,14:45,2026-02-12,22:00,14:45 - 22:00,Enckerkamp 31 AA - 21964,A.,Laat,2,"7,25",1-7-2026,Donderdag,Gedraaid,,Nee,76bf63bd72a6bb40d6a01eda1ad1e49d,,12-2-2026
2b77f7c0-1f1b-4259-a72b-9cfd0408c20d,Dienst,2026-02-10,7:00,2026-02-10,14:45,07:00 - 14:45,Enckerkamp 31 Appartementen - 20270,R.,Vroeg,4,"7,75",1-7-2026,Dinsdag,Gedraaid,,Nee,e37c9360c1903ea621c9841e450659dc,1970-01-01 1:00:00,10-2-2026
09a47139-bf1e-4788-846a-f187d314880a,Dienst,2026-02-04,7:00,2026-02-04,15:00,07:00 - 15:00,Enckerkamp 31 AA - 21964,A.,Vroeg,4,8,1-6-2026,Woensdag,Gedraaid,,Nee,c60b8645afc6c34c5693e24f0cccef06,,4-2-2026
2ff263c8-f03b-4674-8db5-4280eac9dcf7,Dienst,2026-02-03,14:30,2026-02-03,22:00,14:30 - 22:00,Enckerkamp 31 Appartementen - 20270,R.,Laat,2,"7,5",1-6-2026,Dinsdag,Gedraaid,,Nee,8a2ad06390a972b8d53c32ecb274b7b4,1970-01-01 1:00:00,3-2-2026
077bf990-c856-4fde-b5c0-cef02502eb0d,Dienst,2026-02-01,7:00,2026-02-01,14:30,07:00 - 14:30,Enckerkamp 31 AA - 21964,A.,Vroeg,4,"7,5",1-6-2026,Zondag,Gedraaid,,Nee,a4823605a4a17926e7223e7defc81ee2,1970-01-01 1:00:00,1-2-2026
bfd5de4d-4598-4fae-9f24-d7e8df1aa1df,Dienst,2026-01-30,14:30,2026-01-30,22:00,14:30 - 22:00,Enckerkamp 31 Appartementen - 20270,R.,Laat,2,"7,5",1-5-2026,Vrijdag,Gedraaid,,Nee,54a5211142b44e73cf43eab7f5adc130,1970-01-01 1:00:00,30-1-2026
2b6a9a5e-58bd-4c84-9185-d4be96ddf916,Dienst,2026-01-23,16:00,2026-01-23,19:00,16:00 - 19:00,Enckerkamp 31 Appartementen - 20270,R.,Laat,2,3,1-4-2026,Vrijdag,Gedraaid,,Nee,19fb13e61a3edbfe6628a7c950d74476,1970-01-01 1:00:00,23-1-2026
2b0c1906-7a61-4b13-9749-c7b17f2acb13,Dienst,2026-01-21,7:00,2026-01-21,15:00,07:00 - 15:00,Enckerkamp 31 AA - 21964,A.,Vroeg,4,8,1-4-2026,Woensdag,Gedraaid,,Nee,40443b25aea5ef3077b9c50d8f69719e,1970-01-01 1:00:00,21-1-2026
aea322a5-ca99-401c-b9ba-850e20d7d328,Dienst,2026-01-20,7:00,2026-01-20,14:45,07:00 - 14:45,Enckerkamp 31 Appartementen - 20270,R.,Vroeg,4,"7,75",1-4-2026,Dinsdag,Gedraaid,,Nee,91e86fda8a14460ae1f3e6712781403f,1970-01-01 1:00:00,20-1-2026
5f76f588-f403-4b33-b295-e87071af716d,Dienst,2026-01-18,7:00,2026-01-18,14:30,07:00 - 14:30,Enckerkamp 31 AA - 21964,A.,Vroeg,4,"7,5",1-4-2026,Zondag,Gedraaid,,Nee,d680161a6d36559b2553fb7418c9b73c,1970-01-01 1:00:00,18-1-2026
f50db299-9867-43fa-bf99-c995192d3bcc,Dienst,2026-01-16,14:30,2026-01-16,22:00,14:30 - 22:00,Enckerkamp 31 Appartementen - 20270,R.,Laat,2,"7,5",1-3-2026,Vrijdag,Gedraaid,,Nee,c6c1a07c18524e457e32e168e18b0abe,1970-01-01 1:00:00,16-1-2026
cda5ae93-d0b7-4950-b0a2-564dd762bdfb,Dienst,2026-01-13,15:00,2026-01-13,16:00,15:00 - 16:00,Enckerkamp 31 Appartementen - 20270,R.,Laat,2,1,1-3-2026,Dinsdag,Gedraaid,,Nee,8a35a3e9531dffac795deacdb6b31b7a,1970-01-01 1:00:00,13-1-2026
259dd5b6-7409-4fe3-834a-6b793c37ad64,Dienst,2026-01-10,7:00,2026-01-10,14:30,07:00 - 14:30,Enckerkamp 31 AA - 21964,A.,Vroeg,4,"7,5",1-2-2026,Zaterdag,Gedraaid,,Nee,3c16594be748d79f83a99b1ebe3f8285,1970-01-01 1:00:00,10-1-2026
f0a13866-ca8b-4be0-aa4b-25930d7a3dfc,Dienst,2026-01-06,14:30,2026-01-06,22:00,14:30 - 22:00,Enckerkamp 31 Appartementen - 20270,R.,Laat,2,"7,5",1-2-2026,Dinsdag,Gedraaid,,Nee,6c82ac7abf3fa4a9c6cb9d13e2550a57,1970-01-01 1:00:00,6-1-2026
df523a8c-8363-415d-add8-64b6dd4cabdf,Dienst,2026-01-02,14:30,2026-01-02,22:00,14:30 - 22:00,Enckerkamp 31 Appartementen - 20270,R.,Laat,2,"7,5",1-1-2026,Vrijdag,Gedraaid,,Nee,7a0c12a2576a7e459b558dd7e7ad928f,1970-01-01 1:00:00,2-1-2026
19f9c5ab-8a7c-4c1f-af0d-393741aa1d2c,Dienst,2026-01-01,7:00,2026-01-01,14:30,07:00 - 14:30,Enckerkamp 31 AA - 21964,A.,Vroeg,4,"7,5",1-1-2026,Donderdag,Gedraaid,,Nee,1b983dba11c5b635af49dd52797fb7b4,1970-01-01 1:00:00,1-1-2026
90b6cfbd-5a4f-4bc5-bef2-f169cc4636ed,Dienst,2025-12-30,13:00,2025-12-30,22:00,13:00 - 22:00,Enckerkamp 31 Appartementen - 20270,R.,Laat,2,9,1-1-2025,Dinsdag,Gedraaid,,Nee,073e9b6c998416b26488a9fcc3d30ac0,1970-01-01 1:00:00,30-12-2025
d910d150-dad4-484f-96fd-8167bdbcb67c,Dienst,2025-12-29,7:00,2025-12-29,14:45,07:00 - 14:45,Enckerkamp 31 Appartementen - 20270,R.,Vroeg,4,"7,75",1-1-2025,Maandag,Gedraaid,,Nee,39e83c6137d7063254ec6496dd3346eb,1970-01-01 1:00:00,29-12-2025
e8368b98-59cd-4e1a-a4d2-4f7896830b4f,Dienst,2025-12-24,7:00,2025-12-24,15:00,07:00 - 15:00,Enckerkamp 31 AA - 21964,A.,Vroeg,4,8,2025-52,Woensdag,Gedraaid,,Nee,50ae70334920d6278ac891ae1b467fb8,1970-01-01 1:00:00,24-12-2025
38e30165-c9b0-46c8-9074-1bf8f4b57e46,Dienst,2025-12-23,7:00,2025-12-23,14:45,07:00 - 14:45,Enckerkamp 31 Appartementen - 20270,R.,Vroeg,4,"7,75",2025-52,Dinsdag,Gedraaid,,Nee,4f8470333461342ea402d1e4cd2adb1b,1970-01-01 1:00:00,23-12-2025
7ef334d1-16d9-461d-81d7-cb06b35cd3c1,Dienst,2025-12-21,7:00,2025-12-21,14:30,07:00 - 14:30,Enckerkamp 31 AA - 21964,A.,Vroeg,4,"7,5",2025-52,Zondag,Gedraaid,,Nee,87e391a2608c86007686b8a280222b6e,1970-01-01 1:00:00,21-12-2025
03bb260c-31bd-45fd-86a4-5c42db74de08,Dienst,2025-12-18,14:45,2025-12-18,22:00,14:45 - 22:00,Enckerkamp 31 AA - 21964,A.,Laat,2,"7,25",2025-51,Donderdag,Gedraaid,,Nee,4debbf1146aa1319d0fa81f71f41d6a1,1970-01-01 1:00:00,18-12-2025
84cfccb0-cd71-422b-a362-257c30a07507,Dienst,2025-12-16,7:00,2025-12-16,14:45,07:00 - 14:45,Enckerkamp 31 Appartementen - 20270,R.,Vroeg,4,"7,75",2025-51,Dinsdag,Gedraaid,,Nee,ec0f22c4f185a6a9c252772697ca5796,1970-01-01 1:00:00,16-12-2025
6054d57e-9ccf-49d1-aa70-7077699e82c9,Dienst,2025-12-16,15:00,2025-12-16,16:00,15:00 - 16:00,Enckerkamp 31 Appartementen - 20270,R.,Laat,2,1,2025-51,Dinsdag,Gedraaid,,Nee,9397f486166829b8ae247f2ffca07999,1970-01-01 1:00:00,16-12-2025
277d25e0-e9ce-4d0c-8e64-8216b392c642,Dienst,2025-12-16,16:00,2025-12-16,17:00,16:00 - 17:00,Enckerkamp 31 Appartementen - 20270,R.,Laat,2,1,2025-51,Dinsdag,Gedraaid,,Nee,18f36f5dcd4d5e08e1051626471db050,1970-01-01 1:00:00,16-12-2025
3082ab7c-2495-44dd-a97f-c38c58334bbe,Dienst,2025-12-13,14:30,2025-12-13,22:00,14:30 - 22:00,Enckerkamp 31 AA - 21964,A.,Laat,2,"7,5",2025-50,Zaterdag,Gedraaid,,Nee,130556db672e3fd5a269080acf1d1404,1970-01-01 1:00:00,13-12-2025
e972fc59-19f8-410a-b12e-e010cfae0ef7,Dienst,2025-12-08,7:00,2025-12-08,14:45,07:00 - 14:45,Enckerkamp 31 Appartementen - 20270,R.,Vroeg,4,"7,75",2025-50,Maandag,Gedraaid,,Nee,813bce006a7073ee10f7e05d031079a7,2025-11-27 22:40:27,
aa692036-483c-4d25-9c12-6bf23c564f44,Dienst,2025-12-07,7:00,2025-12-07,14:30,07:00 - 14:30,Enckerkamp 31 AA - 21964,A.,Vroeg,4,"7,5",2025-50,Zondag,Gedraaid,,Nee,50b1fcac77bce9c4d920a0f5dad0aef9,2025-11-27 22:40:27,
8658da31-d5ab-443f-9059-25703b65b13a,Dienst,2025-12-04,14:30,2025-12-04,22:00,14:30 - 22:00,Enckerkamp 31 Appartementen - 20270,R.,Laat,2,"7,5",2025-49,Donderdag,Gedraaid,,Nee,40ae662df0a9a51bae91ab07774c97c8,2025-11-27 22:40:27,
ae4af62a-c562-4bb4-af2a-bc779b641d5c,Dienst,2025-11-26,14:30,2025-11-26,22:00,14:30 - 22:00,Enckerkamp 31 Appartementen - 20270,R.,Laat,2,"7,5",2025-48,Woensdag,Gedraaid,,Nee,10114bda93171fed1b855ef0393b395e,2025-11-27 22:42:26,
5f6864f7-cf09-4b9b-834a-008b27bee58f,Dienst,2025-11-24,7:00,2025-11-24,15:00,07:00 - 15:00,Enckerkamp 31 AA - 21964,A.,Vroeg,4,8,2025-48,Maandag,Gedraaid,,Nee,7beebd23ba09713b4067d760449dd1eb,2025-11-27 22:42:26,
b1d31f2d-fbd8-44e8-872a-a7962fc741f4,Dienst,2025-11-23,7:00,2025-11-23,14:30,07:00 - 14:30,Enckerkamp 31 AA - 21964,A.,Vroeg,4,"7,5",2025-48,Zondag,Gedraaid,,Nee,471a380e6fa5dedf5d3e97e9749432ba,2025-11-27 22:42:26,
deab91fa-0328-47e8-835c-fdb035489d49,Dienst,2025-11-20,14:45,2025-11-20,22:00,14:45 - 22:00,Enckerkamp 31 AA - 21964,A.,Laat,2,"7,25",2025-47,Donderdag,Gedraaid,,Nee,c2b7ca5d2f593b815d77718dc3329fe9,2025-11-27 22:42:26,
9d4b49bf-5c99-45bd-86a2-066e1c957ef8,Dienst,2025-11-14,7:00,2025-11-14,14:45,07:00 - 14:45,Enckerkamp 31 Appartementen - 20270,R.,Vroeg,4,"7,75",2025-46,Vrijdag,Gedraaid,,Nee,aa9b0637af5ec42ed6cae607e081c6c6,2025-11-27 22:42:26,
2cccd50f-0c7f-4f72-b896-c243d367df65,Dienst,2025-11-11,12:15,2025-11-11,22:00,12:15 - 22:00,Enckerkamp 31 Appartementen - 20270,R.,Dienst,1,"9,75",2025-46,Dinsdag,Gedraaid,,Nee,86843d97f910d8ed9423744ba7f0e20f,2025-11-27 22:42:26,
9654a5de-348d-49a3-b389-470aeb65c180,Dienst,2025-11-09,7:00,2025-11-09,14:30,07:00 - 14:30,Enckerkamp 31 AA - 21964,A.,Vroeg,4,"7,5",2025-46,Zondag,Gedraaid,,Nee,a3ecc783b681880e34b0f8a7c5e8d8f0,2025-11-27 22:42:26,
65c7fe46-1822-4f9e-9d6d-aaa3c05b5ea8,Dienst,2025-11-06,7:00,2025-11-06,14:45,07:00 - 14:45,Enckerkamp 31 Appartementen - 20270,R.,Vroeg,4,"7,75",2025-45,Donderdag,Gedraaid,,Nee,2c1d6712ee4fc18d6873f1ea0ad49dee,2025-11-27 22:42:26,
2787eed1-4f0c-4652-8a9d-72986e4c497b,Dienst,2025-11-01,7:00,2025-11-01,14:45,07:00 - 14:45,Enckerkamp 31 Appartementen - 20270,R.,Vroeg,4,"7,75",2025-44,Zaterdag,Gedraaid,,Nee,2abc09524a1ffd9fb144a75a71d93e0d,2025-11-27 22:42:26,
f935a40b-91d1-4b45-b6fb-cefc3a9ab481,Dienst,2025-10-31,14:30,2025-10-31,22:00,14:30 - 22:00,Enckerkamp 31 Appartementen - 20270,R.,Laat,2,"7,5",2025-44,Vrijdag,Gedraaid,,Nee,1e9e926522ab818d5293e79b92c40071,2025-11-27 22:42:25,
1bbd9751-8d53-4445-8de2-31d3268bcb67,Dienst,2025-10-29,7:00,2025-10-29,15:00,07:00 - 15:00,Enckerkamp 31 AA - 21964,A.,Vroeg,4,8,2025-44,Woensdag,Gedraaid,,Nee,0ef386836a186d64b43b2b8f3beb4ced,2025-11-27 22:42:25,
6b2943dc-2d6b-4bcd-af0b-081d095df480,Dienst,2025-10-27,9:30,2025-10-27,16:00,09:30 - 16:00,Enckerkamp 31 AA - 21964,A.,Vroeg,4,"6,5",2025-44,Maandag,Gedraaid,,Nee,17bf5df3878458e58f18cc1e11e173be,2025-11-27 22:42:25,
77046498-5d87-4b4c-b609-a4df73f73e09,Dienst,2025-10-26,7:00,2025-10-26,14:30,07:00 - 14:30,Enckerkamp 31 AA - 21964,A.,Vroeg,4,"7,5",2025-44,Zondag,Gedraaid,,Nee,a77ce652b750a6fec87de569586d0a06,2025-11-27 22:42:25,
805b1cb5-9563-4ebc-bd63-0665143257ab,Dienst,2025-10-24,7:00,2025-10-24,15:00,07:00 - 15:00,Enckerkamp 31 AA - 21964,A.,Vroeg,4,8,2025-43,Vrijdag,Gedraaid,,Nee,8c448f6244ffc428a7875445db2c0f87,2025-11-27 22:42:25,
f19ec0d1-0d4f-4557-b2c6-7c27bac1010f,Dienst,2025-10-22,14:30,2025-10-22,22:00,14:30 - 22:00,Enckerkamp 31 Appartementen - 20270,R.,Laat,2,"7,5",2025-43,Woensdag,Gedraaid,,Nee,1ee4c39f731345adfe3383afb9205184,2025-11-27 22:42:25,
9de9b4bb-6d56-4c7f-ba9b-606b4aea4dd4,Dienst,2025-10-17,14:45,2025-10-17,22:00,14:45 - 22:00,Enckerkamp 31 AA - 21964,A.,Laat,2,"7,25",2025-42,Vrijdag,Gedraaid,,Nee,12def5b743fef2d741377c3e2c7f68f2,2025-11-27 22:42:25,
760c1afb-709b-4425-804d-7ec98ca9401d,Dienst,2025-10-13,14:30,2025-10-13,22:00,14:30 - 22:00,Enckerkamp 31 Appartementen - 20270,R.,Laat,2,"7,5",2025-42,Maandag,Gedraaid,,Nee,68d198dfb606f76a7caf432f0e5a9454,2025-11-27 22:42:25,
74715b6a-a6aa-4259-adb4-a9a8ab060cd6,Dienst,12-10-2025,30-12-1899,12-10-2025,30-12-1899,07:00 - 14:30,Enckerkamp 31 AA - 21964,A.,Vroeg,4,"7,5",2025-42,Zondag,Gedraaid,,Nee,42f333c43a31badab1f67f0121deb53d,27-11-2025,
e93371ea-a83d-4894-aafb-58a3af09b561,Dienst,11-10-2025,30-12-1899,11-10-2025,30-12-1899,14:30 - 22:00,Enckerkamp 31 Appartementen - 20270,R.,Laat,2,"7,5",2025-41,Zaterdag,Gedraaid,,Nee,2f4ca3f3a75a67f08998fdabadc0ceec,27-11-2025,
39de92f5-ea50-49f3-b026-b15a2cf6ff81,Dienst,3-10-2025,30-12-1899,3-10-2025,30-12-1899,14:45 - 22:00,Enckerkamp 31 AA - 21964,A.,Laat,2,"7,25",2025-40,Vrijdag,Gedraaid,,Nee,86464987a285ccca69af71609f07b4a0,27-11-2025,
cdb427f8-8490-4c6c-9d3a-ee23778002fd,Dienst,1-10-2025,7:00,1-10-2025,15:00,07:00 - 15:00,Enckerkamp 31 AA - 21964,A.,Vroeg,4,8,2025-40,Woensdag,Gedraaid,,Nee,26c9ca5415cab41e312c61238f3831ba,27-11-2025,
d3592162-a2ff-42b1-a4cb-e0bba199638d,Dienst,30-9-2025,14:30,30-9-2025,22:00,14:30 - 22:00,Enckerkamp 31 Appartementen - 20270,R.,Laat,2,"7,5",2025-40,Dinsdag,Gedraaid,,Nee,5a6dfd47dedb1f812210a11b41c2f179,27-11-2025,
a11d69e8-5fa1-4da0-8b29-f194a6c0c747,Dienst,29-9-2025,14:45,29-9-2025,22:00,14:45 - 22:00,Enckerkamp 31 AA - 21964,A.,Laat,2,"7,25",2025-40,Maandag,Gedraaid,,Nee,65ac39779cd156bd0ce5fbc94b2ffb04,27-11-2025,
b4b019d2-9e58-44e2-a1d5-b8a669e9c56e,Dienst,26-9-2025,14:30,26-9-2025,22:00,14:30 - 22:00,Enckerkamp 31 Appartementen - 20270,R.,Laat,2,"7,5",2025-39,Vrijdag,Gedraaid,,Nee,438c42a8382d4965eebfdb6b5ced1077,27-11-2025,
cefdbbbb-a6fc-4759-9ad8-39e077de9688,Dienst,25-9-2025,14:30,25-9-2025,22:00,14:30 - 22:00,Enckerkamp 31 Appartementen - 20270,R.,Laat,2,"7,5",2025-39,Donderdag,Gedraaid,,Nee,b37b7a44ce93f658a3fc667115a46dcc,27-11-2025,
094436dd-5c2e-4b7e-a6f7-b915ba471160,Dienst,24-9-2025,14:45,24-9-2025,22:00,14:45 - 22:00,Enckerkamp 31 AA - 21964,A.,Laat,2,"7,25",2025-39,Woensdag,Gedraaid,,Nee,2a0ab0328ab38d937b396f21486a47ce,27-11-2025,
8bb59c83-4914-46f8-a909-e8282175b448,Dienst,22-9-2025,13:30,22-9-2025,22:00,13:30 - 22:00,Enckerkamp 31 Appartementen - 20270,R.,Laat,2,"8,5",2025-39,Maandag,Gedraaid,,Nee,cf2df0d18efb0654ad3be8ebbd460992,27-11-2025,
6016d9be-b6ea-4667-aaa3-d4eecf2f74e7,Dienst,21-9-2025,14:30,21-9-2025,22:00,14:30 - 22:00,Enckerkamp 31 AA - 21964,A.,Laat,2,"7,5",2025-39,Zondag,Gedraaid,,Nee,e8a83bddf9602411a1b1003948d2b098,27-11-2025,
4861c576-1162-43cb-866e-b226d8117b6a,Dienst,15-9-2025,14:30,15-9-2025,22:00,14:30 - 22:00,Enckerkamp 31 Appartementen - 20270,R.,Laat,2,"7,5",2025-38,Maandag,Gedraaid,,Nee,b877632fac7721bdbd21c3b09d72968b,27-11-2025,
11eaba09-d9f5-4c03-9202-82709235463e,Dienst,14-9-2025,7:00,14-9-2025,14:45,07:00 - 14:45,Enckerkamp 31 Appartementen - 20270,R.,Vroeg,4,"7,75",2025-38,Zondag,Gedraaid,,Nee,86039c65ac9876035af57bc80ba89c7c,27-11-2025,
976fafe3-4f21-4809-99bf-a8f2029e691b,Dienst,13-9-2025,14:30,13-9-2025,22:00,14:30 - 22:00,Enckerkamp 31 AA - 21964,A.,Laat,2,"7,5",2025-37,Zaterdag,Gedraaid,,Nee,3d100a9806ce334680919e2832d652cb,27-11-2025,
740d978d-3723-4cde-9e08-9464ab25a2e0,Dienst,11-9-2025,14:30,11-9-2025,22:00,14:30 - 22:00,Enckerkamp 31 Appartementen - 20270,R.,Laat,2,"7,5",2025-37,Donderdag,Gedraaid,,Nee,222eb1505c36278e159e629a58769db9,27-11-2025,
df3a6c7e-ec43-4164-8749-5b1a780b473a,Dienst,10-9-2025,14:45,10-9-2025,22:00,14:45 - 22:00,Enckerkamp 31 AA - 21964,A.,Laat,2,"7,25",2025-37,Woensdag,Gedraaid,,Nee,e0a7217822068c2890754a2e3bc61149,27-11-2025,
02ae96bd-c89b-4c23-a96e-63e67343697c,Dienst,7-9-2025,14:30,7-9-2025,22:00,14:30 - 22:00,Enckerkamp 31 AA - 21964,A.,Laat,2,"7,5",2025-37,Zondag,Gedraaid,,Nee,645e6f5cd0ccf9fa22ee236b4c335b76,27-11-2025,
0648b2b4-f6ae-4eeb-959a-d04cb9dddcaa,Dienst,5-9-2025,7:00,5-9-2025,15:00,07:00 - 15:00,Enckerkamp 31 AA - 21964,A.,Vroeg,4,8,2025-36,Vrijdag,Gedraaid,,Nee,44f96819cf96a5cd6e5c1f3a8a7899d6,27-11-2025,
9b04c70e-2bce-470f-93be-d50226a8101e,Dienst,4-9-2025,7:00,4-9-2025,14:45,07:00 - 14:45,Enckerkamp 31 Appartementen - 20270,R.,Vroeg,4,"7,75",2025-36,Donderdag,Gedraaid,,Nee,e0c764505a12a6fc20d126de6f165d26,27-11-2025,
b663ade1-362c-4c6a-bc04-3e0018019584,Dienst,2-9-2025,7:00,2-9-2025,14:45,07:00 - 14:45,Enckerkamp 31 Appartementen - 20270,R.,Vroeg,4,"7,75",2025-36,Dinsdag,Gedraaid,,Nee,60f17190ff3bc38214b25a76b6e9b62d,27-11-2025,
db8e003b-f0d9-4a1c-8211-6f10ec615a77,Dienst,31-8-2025,7:00,31-8-2025,14:30,07:00 - 14:30,Enckerkamp 31 AA - 21964,A.,Vroeg,4,"7,5",2025-36,Zondag,Gedraaid,,Nee,83ae8d0df01ff7673cb19ed403df9d5e,27-11-2025,
d94d9aa3-c8b3-4337-b360-d4b041ea02cd,Dienst,29-8-2025,7:00,29-8-2025,15:00,07:00 - 15:00,Enckerkamp 31 AA - 21964,A.,Vroeg,4,8,2025-35,Vrijdag,Gedraaid,,Nee,e9d0901636df0234973cbd2168f3db5b,27-11-2025,
783d519d-cdc4-47d6-b2c7-796add532d74,Dienst,27-8-2025,7:00,27-8-2025,14:45,07:00 - 14:45,Enckerkamp 31 Appartementen - 20270,R.,Vroeg,4,"7,75",2025-35,Woensdag,Gedraaid,,Nee,e545e518731c3b3d8806706182683412,27-11-2025,
398de71c-b567-4f3a-982b-6cafc08a0e78,Dienst,2025-08-23,7:00,2025-08-23,14:45,07:00 - 14:45,Enckerkamp 31 Appartementen - 20270,R.,Vroeg,4,"7,75",2025-34,Zaterdag,Gedraaid,,Nee,39178346dcc7a137f42b25369cced6b9,27-11-2025,
b5aa52d4-4958-4510-9297-ff6ef6835adc,Dienst,2025-08-21,7:00,2025-08-21,14:45,07:00 - 14:45,Enckerkamp 31 Appartementen - 20270,R.,Vroeg,4,"7,75",2025-34,Donderdag,Gedraaid,,Nee,8fa9441cd0e00b6a65d7494f1f0540a7,27-11-2025,
5e4431ed-c2bc-4ec5-9737-6b81c1e43f04,Dienst,2025-08-18,7:00,2025-08-18,15:00,07:00 - 15:00,Enckerkamp 31 AA - 21964,A.,Vroeg,4,8,2025-34,Maandag,Gedraaid,,Nee,033cc5db9ea2d2a8e5026089fa6a0cdd,27-11-2025,
138fe7c8-fbba-401a-b1c3-650d9a14b0ee,Dienst,2025-08-17,7:00,2025-08-17,14:30,07:00 - 14:30,Enckerkamp 31 AA - 21964,A.,Vroeg,4,"7,5",2025-34,Zondag,Gedraaid,,Nee,f1f84ce79da2a82ff85f1d6ec35262ea,27-11-2025,
86d2d350-5015-4a76-bb46-eddb925e128c,Dienst,2025-08-16,14:30,2025-08-16,22:00,14:30 - 22:00,Enckerkamp 31 AA - 21964,A.,Laat,2,"7,5",2025-33,Zaterdag,Gedraaid,,Nee,9410e2a1a65e9200aa19783d6d4ed993,27-11-2025,
c49acff4-3f33-498a-a1ee-b5c924e7074f,Dienst,2025-08-15,7:00,2025-08-15,15:00,07:00 - 15:00,Enckerkamp 31 AA - 21964,A.,Vroeg,4,8,2025-33,Vrijdag,Gedraaid,,Nee,77e682d55d73d046fa98c30ae3920092,27-11-2025,
c50a914f-ad78-4675-9980-133ec85e2e55,Dienst,2025-08-14,7:00,2025-08-14,15:00,07:00 - 15:00,Enckerkamp 31 AA - 21964,A.,Vroeg,4,8,2025-33,Donderdag,Gedraaid,,Nee,b1ca48c68df47613bf50606ef87de599,27-11-2025,
450266e9-4939-40bd-b302-17280636a440,Dienst,2025-08-11,7:00,2025-08-11,15:00,07:00 - 15:00,Enckerkamp 31 AA - 21964,A.,Vroeg,4,8,2025-33,Maandag,Gedraaid,,Nee,80493a26aa3e6ea41ad7a4d67590454f,27-11-2025,
96a7d241-b9a7-490a-8b67-9768bc353352,Dienst,2025-08-07,14:45,2025-08-07,22:00,14:45 - 22:00,Enckerkamp 31 AA - 21964,A.,Laat,2,"7,25",2025-32,Donderdag,Gedraaid,,Nee,6f615b5a5afe936cca8c9dae46c338db,27-11-2025,
5f8763b8-408b-4843-bdc8-a4864b166de9,Dienst,2025-08-06,14:45,2025-08-06,22:00,14:45 - 22:00,Enckerkamp 31 AA - 21964,A.,Laat,2,"7,25",2025-32,Woensdag,Gedraaid,,Nee,047c877f288ebc5ae1c1f87814108b8f,27-11-2025,
bd0a87a0-784b-4e27-88e5-7e4d3c5c43dd,Dienst,2025-08-05,5:00,2025-08-05,15:00,05:00 - 15:00,Enckerkamp 31 AA - 21964,A.,Vroeg,4,10,2025-32,Dinsdag,Gedraaid,,Nee,6677961817efdb59c48462fa6f2d394f,27-11-2025,
7279c46d-370a-41da-8a6d-718795754db0,Dienst,2025-08-03,7:00,2025-08-03,14:30,07:00 - 14:30,Enckerkamp 31 AA - 21964,A.,Vroeg,4,"7,5",2025-32,Zondag,Gedraaid,,Nee,96ba6a63fac11dfd6988d86a5854c3b7,27-11-2025,
6da9109a-7354-454d-b940-805827436b26,Dienst,2025-08-02,14:30,2025-08-02,22:00,14:30 - 22:00,Enckerkamp 31 AA - 21964,A.,Laat,2,"7,5",2025-31,Zaterdag,Gedraaid,,Nee,de53eb3f83358e4869043f452616a776,27-11-2025,
d9c8c951-e5e4-4138-8043-e32a61ff01d6,Dienst,2025-08-01,14:30,2025-08-01,22:00,14:30 - 22:00,Enckerkamp 31 Appartementen - 20270,R.,Laat,2,"7,5",2025-31,Vrijdag,Gedraaid,,Nee,66375d2f3457a9586f676b52f81e9977,27-11-2025,
dcf45ad8-465e-4cde-ab71-139a1f373c57,Dienst,2025-07-31,14:45,2025-07-31,22:00,14:45 - 22:00,Enckerkamp 31 AA - 21964,A.,Laat,2,"7,25",2025-31,Donderdag,Gedraaid,,Nee,97032a66494444cc5a54d86d10026fc7,27-11-2025,
eeef442f-5e26-42f3-ba93-6bd5398a2b79,Dienst,2025-07-30,14:30,2025-07-30,22:00,14:30 - 22:00,Enckerkamp 31 Appartementen - 20270,R.,Laat,2,"7,5",2025-31,Woensdag,Gedraaid,,Nee,944535b4106a36d788a81d7a3a3eed12,27-11-2025,
4803dcfb-3758-4dfe-abba-a883827cf357,Dienst,2025-07-28,7:00,2025-07-28,15:00,07:00 - 15:00,Enckerkamp 31 AA - 21964,A.,Vroeg,4,8,2025-31,Maandag,Gedraaid,,Nee,076b3b056c37645dfa3d5a88c5eab199,27-11-2025,
98516f3d-4eb6-4296-83e5-9510728b28a1,Dienst,2025-07-27,7:00,2025-07-27,14:30,07:00 - 14:30,Enckerkamp 31 AA - 21964,A.,Vroeg,4,"7,5",2025-31,Zondag,Gedraaid,,Nee,5434c6f9de359473ad018d00f46b81b3,27-11-2025,
81907d08-561a-4c06-a215-90f3ddb7ead7,Dienst,2025-07-23,7:00,2025-07-23,14:45,07:00 - 14:45,Enckerkamp 31 Appartementen - 20270,R.,Vroeg,4,"7,75",2025-30,Woensdag,Gedraaid,,Nee,bf6814f4e76aa6d7110b59dfe2ba9065,27-11-2025,
97aeb6de-389c-46a6-b94a-440841940eb8,Dienst,2025-07-21,7:00,2025-07-21,15:00,07:00 - 15:00,Enckerkamp 31 AA - 21964,A.,Vroeg,4,8,2025-30,Maandag,Gedraaid,,Nee,ac6f7471093c614a97ba3ba34d0019b0,27-11-2025,
b0948b27-0600-485f-bc2a-c424b4866589,Dienst,2025-07-17,7:00,2025-07-17,14:45,07:00 - 14:45,Enckerkamp 31 Appartementen - 20270,R.,Vroeg,4,"7,75",2025-29,Donderdag,Gedraaid,,Nee,dd0ef26855a7569690e07a98c52985da,27-11-2025,
470492f9-1bec-494e-aaa2-f4375d8248cc,Dienst,2025-07-10,14:45,2025-07-10,22:00,14:45 - 22:00,Enckerkamp 31 AA - 21964,A.,Laat,2,"7,25",2025-28,Donderdag,Gedraaid,,Nee,ab847a8bbbeec30f7fc7d07f5f81ef60,27-11-2025,
b59fba00-372c-4bc8-8bc3-17a227bf0dd8,Dienst,2025-07-09,14:30,2025-07-09,22:00,14:30 - 22:00,Enckerkamp 31 Appartementen - 20270,R.,Laat,2,"7,5",2025-28,Woensdag,Gedraaid,,Nee,7641c9995531f907e4ec770aeaf40800,27-11-2025,
f4e2eb7a-0ed2-4302-b716-810f5a5703da,Dienst,2025-07-08,9:30,2025-07-08,15:30,09:30 - 15:30,Enckerkamp 31 AA - 21964,A.,Vroeg,4,6,2025-28,Dinsdag,Gedraaid,,Nee,f0ceb43760dfc811fef3e5a769bc1407,27-11-2025,
148b7f5d-d7ca-4489-9203-dbc18e4b5d5e,Dienst,2025-07-06,14:30,2025-07-06,22:00,14:30 - 22:00,Enckerkamp 31 AA - 21964,A.,Laat,2,"7,5",2025-28,Zondag,Gedraaid,,Nee,2d51734c47fa3b343ad9b3367ca76575,27-11-2025,
6a8025dd-6734-4747-b5a6-cdd933fa5ba1,Dienst,2025-07-05,14:30,2025-07-05,22:00,14:30 - 22:00,Enckerkamp 31 AA - 21964,A.,Laat,2,"7,5",2025-27,Zaterdag,Gedraaid,,Nee,428775bde43ce57787422b9258da95c8,27-11-2025,
d68df677-3a28-4447-ae2a-7a0200a75480,Dienst,2025-07-04,7:00,2025-07-04,15:00,07:00 - 15:00,Enckerkamp 31 AA - 21964,A.,Vroeg,4,8,2025-27,Vrijdag,Gedraaid,,Nee,59c8b57c4edd2b690cf0d8a4b66c3ca5,27-11-2025,
9c3b4dd4-b6a8-4a66-8e67-e9ec02b7a33e,Dienst,2025-07-02,14:30,2025-07-02,22:00,14:30 - 22:00,Enckerkamp 31 Appartementen - 20270,R.,Laat,2,"7,5",2025-27,Woensdag,Gedraaid,,Nee,3475f122d90c5b52446702ba2a3c5b7c,27-11-2025,
7fef55dc-1781-45eb-8da6-19aeb14d5116,Dienst,2025-06-30,14:45,2025-06-30,22:00,14:45 - 22:00,Enckerkamp 31 AA - 21964,A.,Laat,2,"7,25",2025-27,Maandag,Gedraaid,,Nee,c7d3a03b58277917e4e1fa50452203d6,27-11-2025,
9308c29f-cb64-4673-9879-f8baa67ed40d,Dienst,2025-06-29,7:00,2025-06-29,12:00,07:00 - 12:00,Enckerkamp 31 Appartementen - 20270,R.,Vroeg,4,5,2025-27,Zondag,Gedraaid,,Nee,02b907803e728a89554a72910f59977e,27-11-2025,
8e5b4029-9eaa-47b6-b3b6-10f857532a53,Dienst,2025-06-25,14:45,2025-06-25,22:00,14:45 - 22:00,Enckerkamp 31 AA - 21964,A.,Laat,2,"7,25",2025-26,Woensdag,Gedraaid,,Nee,e26d2835beb61f327ffce93089dcf4d5,27-11-2025,